1,Cherilyn,refrigerada,liquida,842154
2,Merralee,normal,gas,7665508
3,Charlotte,inflamable,solida,9138424
4,Johan,normal,solida,6423622
5,Renie,inflamable,liquida,2423397
6,Griselda,normal,solida,96277
7,Pietro,inflamable,solida,9133761
8,Cornie,normal,gas,127935
9,Dory,refrigerada,solida,4018009
10,Mara,normal,gas,4951271
11,Margalo,normal,solida,679047
12,Rosemonde,normal,liquida,8068182
13,Obie,normal,liquida,8938371
14,Morly,inflamable,liquida,7873764
15,Darcy,inflamable,gas,270066
16,Kelsi,refrigerada,solida,6367042
17,Naoma,normal,solida,3208841
18,Bettina,refrigerada,liquida,846544
19,Natividad,refrigerada,solida,6079835
20,Joyce,refrigerada,solida,9068950
21,Leon,normal,liquida,6607636
22,Khalil,normal,solida,9446071
23,Trev,inflamable,liquida,3896525
24,Hobard,normal,liquida,5866226
25,Merrily,refrigerada,solida,5096604
26,Dorena,inflamable,liquida,6810331
27,Alberto,refrigerada,liquida,5247484
28,Marthe,inflamable,liquida,3393973
29,Ferris,refrigerada,liquida,4639838
30,Cathlene,refrigerada,liquida,4365179
31,Rebeca,inflamable,solida,2385626
32,Kit,refrigerada,gas,5684023
33,Jeremias,normal,gas,3379152
34,Humphrey,inflamable,solida,6415313
35,Addy,inflamable,solida,7022102
36,Everard,refrigerada,solida,4393772
37,Loni,normal,gas,9449434
38,Giovanna,refrigerada,solida,9168894
39,Catarina,normal,gas,8408689
40,Bridie,inflamable,gas,1561771
41,Codie,inflamable,gas,431980
42,Blane,inflamable,solida,3439282
43,Ellary,refrigerada,gas,6635183
44,Axe,inflamable,solida,6291883
45,Selle,inflamable,gas,4466851
46,Karole,refrigerada,liquida,2830078
47,Maryanna,normal,liquida,151488
48,Rhys,normal,liquida,9525835
49,Cody,normal,liquida,2439776
50,Jordanna,inflamable,liquida,5190589
51,Roderic,normal,liquida,8439257
52,Moss,normal,liquida,6519568
53,Brandyn,normal,solida,1151694
54,Georgeanna,refrigerada,gas,6004480
55,Timmy,normal,liquida,9292858
56,Bernie,normal,liquida,7508993
57,Anatola,refrigerada,gas,6603545
58,Karlen,refrigerada,liquida,9060109
59,Giffer,inflamable,solida,8989410
60,Brandy,refrigerada,liquida,6720979
61,Audrye,normal,gas,8670886
62,Cecile,inflamable,liquida,2432557
63,Valeria,refrigerada,solida,7337649
64,Guenevere,inflamable,gas,4794301
65,Kate,normal,liquida,4641603
66,Constantia,refrigerada,liquida,1012891
67,Shirlee,inflamable,liquida,3145301
68,Katheryn,refrigerada,solida,2452372
69,Esra,normal,solida,924351
70,Rochelle,inflamable,solida,6211363
71,Ursa,inflamable,solida,1604982
72,Rodolphe,normal,liquida,6067463
73,Curran,inflamable,solida,5547302
74,Kathlin,normal,solida,649474
75,Deeann,inflamable,gas,1816072
76,Tilly,refrigerada,liquida,4185608
77,Fran,normal,gas,3689104
78,Bradford,normal,liquida,2528120
79,Portia,normal,solida,2899324
80,Reina,inflamable,liquida,8168437
81,Francene,normal,solida,8252747
82,Angie,inflamable,liquida,3029840
83,Adda,refrigerada,solida,6740138
84,Anthia,refrigerada,liquida,4393095
85,Florian,inflamable,gas,910486
86,Jacenta,normal,solida,4880607
87,Paco,inflamable,liquida,7934382
88,Lilli,inflamable,gas,9465766
89,Tanya,inflamable,liquida,321163
90,Connie,inflamable,solida,5893502
91,Ulberto,inflamable,gas,2375414
92,Diego,normal,solida,8466647
93,Nathaniel,refrigerada,gas,9788487
94,Barbabra,inflamable,liquida,6733184
95,Kath,inflamable,gas,8698256
96,Gill,normal,solida,8276558
97,Timothee,refrigerada,liquida,2661524
98,Perry,inflamable,liquida,1671698
99,Leone,normal,solida,8684912
100,Benny,inflamable,solida,4004038
101,Mohammed,inflamable,solida,7818255
102,Moselle,refrigerada,solida,3887810
103,Zedekiah,inflamable,gas,246240
104,Theda,normal,liquida,2972390
105,Vicky,inflamable,liquida,3997249
106,Cleon,normal,solida,6813935
107,Wini,inflamable,gas,2269900
108,Gregoire,normal,liquida,2239344
109,Ingeberg,normal,liquida,130152
110,Brannon,inflamable,gas,716640
111,Benjy,refrigerada,solida,8803154
112,Clotilda,normal,solida,747714
113,Ellette,refrigerada,liquida,618620
114,Carny,inflamable,liquida,9545380
115,Anna,refrigerada,solida,6903918
116,Gilligan,normal,liquida,5473526
117,Coreen,refrigerada,liquida,1522837
118,Eal,refrigerada,solida,7394157
119,Axe,refrigerada,solida,8388677
120,Raoul,normal,liquida,9420346
121,Truman,normal,solida,4646147
122,Tonnie,inflamable,solida,6747856
123,Domenico,refrigerada,liquida,367920
124,Sophie,normal,liquida,2194856
125,Yasmin,inflamable,solida,9858567
126,Kristi,normal,liquida,6865928
127,Clarisse,inflamable,liquida,2948221
128,Alonso,refrigerada,solida,5955271
129,Madlen,inflamable,solida,7985251
130,Madella,refrigerada,liquida,5052924
131,Portie,normal,gas,7281649
132,Lyndsey,inflamable,solida,272408
133,Gray,normal,solida,2179381
134,Aubry,refrigerada,gas,5730085
135,Marijo,refrigerada,liquida,9098879
136,Ferguson,inflamable,solida,8537557
137,Valentina,refrigerada,solida,7241758
138,Chelsie,refrigerada,solida,5395491
139,Kaspar,normal,liquida,8548595
140,Tris,refrigerada,solida,9482749
141,Ike,refrigerada,solida,1201212
142,Belinda,refrigerada,gas,3055124
143,Cyndie,inflamable,solida,2556036
144,Faustine,normal,gas,4861389
145,Petronilla,normal,liquida,5177563
146,Gabrila,refrigerada,gas,4386106
147,Zsazsa,refrigerada,solida,3612435
148,Rosalinde,normal,liquida,8131416
149,Edy,refrigerada,solida,7729336
150,Kellia,refrigerada,solida,8177318
151,Cosette,inflamable,liquida,8415785
152,Stacy,normal,gas,3252515
153,Georgiana,inflamable,gas,6262907
154,Ignacius,refrigerada,liquida,9472236
155,Robena,refrigerada,liquida,8680655
156,Minor,normal,liquida,4200423
157,Matelda,refrigerada,liquida,7704517
158,Morty,inflamable,liquida,3179194
159,Ardith,normal,gas,8307261
160,Gwenneth,refrigerada,liquida,250109
161,Alleyn,normal,solida,8701466
162,Hughie,refrigerada,gas,3091778
163,Brit,normal,solida,2304133
164,Zebedee,normal,liquida,269439
165,Bambie,inflamable,liquida,3806354
166,Torrance,refrigerada,gas,9167378
167,Tommy,inflamable,solida,879399
168,Cullen,inflamable,gas,4503460
169,Derk,refrigerada,solida,4776214
170,Merrile,inflamable,solida,9761779
171,Rancell,inflamable,gas,722665
172,Bobina,refrigerada,gas,2003853
173,Joellyn,inflamable,gas,6341574
174,Lotti,normal,solida,7366406
175,Josh,refrigerada,solida,8755332
176,Audi,normal,gas,208418
177,Edsel,inflamable,gas,2617246
178,Julio,refrigerada,solida,8190121
179,Lorin,normal,gas,4224914
180,Margery,inflamable,liquida,3648472
181,Cassondra,normal,solida,8191995
182,Inigo,refrigerada,solida,6406302
183,Cobb,inflamable,gas,2481858
184,Coralie,refrigerada,solida,6414953
185,Isahella,normal,liquida,7747300
186,Albertina,normal,liquida,3028620
187,Rora,normal,gas,6253722
188,Lisetta,normal,liquida,1940103
189,Katrine,inflamable,liquida,145494
190,Kaycee,inflamable,liquida,1115725
191,Almeta,inflamable,solida,1738231
192,Enoch,refrigerada,liquida,7245265
193,Urbano,refrigerada,gas,3122412
194,Kyle,inflamable,gas,5221918
195,Alane,refrigerada,solida,5786763
196,Aksel,inflamable,solida,3137439
197,Archibald,refrigerada,solida,9322260
198,Jyoti,refrigerada,solida,9473466
199,Verla,inflamable,gas,2169300
200,Julie,normal,gas,6279044
201,Stearne,normal,solida,3159815
202,Gallagher,inflamable,solida,6064030
203,Gregg,inflamable,liquida,4606303
204,Dee dee,refrigerada,gas,6894251
205,Calhoun,normal,liquida,8075131
206,Kirk,inflamable,liquida,5910091
207,Armando,inflamable,gas,7019823
208,Mitzi,refrigerada,gas,4777044
209,Myra,refrigerada,liquida,301323
210,Jemmie,refrigerada,liquida,8827929
211,Abra,refrigerada,gas,7501194
212,Lauritz,refrigerada,liquida,1010588
213,Gratiana,refrigerada,liquida,5517921
214,Justina,inflamable,liquida,445408
215,Dulcinea,refrigerada,liquida,5306204
216,Mordy,normal,solida,8113766
217,Rowan,refrigerada,gas,2627920
218,Vivianne,refrigerada,liquida,9560416
219,Hillier,refrigerada,gas,3371662
220,Margaretha,inflamable,gas,33135
221,Wolfie,normal,solida,5248200
222,Wendi,refrigerada,liquida,2732853
223,Lorens,normal,liquida,5949012
224,Coretta,inflamable,liquida,9328033
225,Brita,refrigerada,liquida,6983618
226,Vivia,normal,gas,4806004
227,Abigale,inflamable,gas,5672890
228,Gae,refrigerada,liquida,287747
229,Meriel,inflamable,gas,1642483
230,Jeanette,inflamable,gas,2252195
231,Janis,normal,solida,3713017
232,Britney,refrigerada,solida,9363217
233,Jenica,refrigerada,liquida,4802841
234,Lyn,normal,gas,3647289
235,Branden,inflamable,liquida,4909633
236,Evania,inflamable,solida,1941787
237,Jamal,refrigerada,solida,4556745
238,Devlin,inflamable,liquida,894689
239,Magnum,normal,solida,6408155
240,Karney,refrigerada,liquida,3451792
241,Lacy,refrigerada,solida,2907389
242,Bryn,normal,liquida,7822167
243,Alan,inflamable,solida,8741311
244,Silvester,normal,solida,7916887
245,Francois,refrigerada,liquida,4307133
246,Nickolaus,inflamable,solida,4319187
247,Evan,normal,gas,9345029
248,Alexander,refrigerada,gas,2956552
249,Catherin,refrigerada,solida,4228498
250,Oralia,refrigerada,solida,6838531
251,Cherice,normal,solida,3434343
252,Lucilia,refrigerada,solida,2891814
253,Marcellina,normal,liquida,4484723
254,Katina,refrigerada,gas,5960426
255,Price,inflamable,gas,2692674
256,Vachel,normal,gas,724179
257,Conn,inflamable,gas,575526
258,Eleanora,inflamable,gas,9846909
259,Travers,normal,solida,5624877
260,Manon,inflamable,gas,7093608
261,Olag,inflamable,liquida,9614295
262,Dulcea,normal,gas,6029586
263,Tildi,normal,solida,4544884
264,Jena,refrigerada,gas,9140471
265,Romola,refrigerada,liquida,6811739
266,Jillane,normal,liquida,4828451
267,Lewes,normal,gas,271213
268,Theresina,inflamable,solida,3980035
269,Gretchen,inflamable,solida,2037918
270,Pearce,normal,liquida,700555
271,Des,inflamable,solida,5620148
272,Alaric,normal,solida,5896218
273,Tabbie,normal,gas,6609943
274,Nikos,inflamable,gas,7126242
275,Dale,refrigerada,solida,3754618
276,Dov,normal,gas,9462890
277,Aundrea,normal,gas,9489468
278,Audrie,normal,solida,6824695
279,Stace,inflamable,solida,9574829
280,Ivett,refrigerada,liquida,2935652
281,Elspeth,normal,gas,6932282
282,Donnamarie,refrigerada,liquida,5400275
283,Dulcia,refrigerada,solida,8513921
284,Paddy,refrigerada,liquida,8609702
285,Annmaria,normal,gas,1601162
286,Sibyl,normal,liquida,4329930
287,Lelia,inflamable,liquida,5568003
288,Tandie,inflamable,liquida,4208434
289,Sada,inflamable,gas,9433173
290,Jilly,refrigerada,gas,3420100
291,Marlow,inflamable,gas,8495660
292,Hermia,inflamable,solida,61379
293,Alec,normal,gas,1530644
294,Lanette,inflamable,gas,2638553
295,Inness,normal,gas,2528868
296,Verena,refrigerada,gas,7038358
297,Malia,refrigerada,gas,5863362
298,Jennifer,normal,liquida,1952441
299,Marsha,normal,gas,5586594
300,Janella,inflamable,liquida,5627106
301,Zelda,normal,solida,3586396
302,Gizela,inflamable,solida,6329000
303,Myrtice,refrigerada,gas,282744
304,Marja,normal,solida,8988635
305,Ada,inflamable,solida,1380666
306,Brittani,refrigerada,gas,6673073
307,Brose,normal,liquida,5294718
308,Kane,normal,solida,6762593
309,Essy,inflamable,solida,8142127
310,Adolph,normal,liquida,8633524
311,Kip,refrigerada,liquida,9229692
312,Sophie,inflamable,gas,7532988
313,Hunter,inflamable,liquida,7880506
314,Yard,refrigerada,gas,9354897
315,Jan,inflamable,gas,8057177
316,Tim,inflamable,solida,2205812
317,Correy,refrigerada,gas,6632785
318,Davis,inflamable,gas,9031957
319,Minne,inflamable,solida,9119208
320,Hazel,refrigerada,liquida,4470075
321,Constantina,refrigerada,liquida,9781656
322,Siffre,inflamable,gas,6357860
323,Vail,refrigerada,solida,1915191
324,Lonnard,refrigerada,liquida,8701579
325,Huntley,inflamable,solida,3076366
326,Nona,inflamable,solida,5838065
327,Brendis,inflamable,solida,6119877
328,Philipa,inflamable,solida,3495458
329,Blondell,inflamable,solida,49672
330,Margarethe,normal,gas,1368175
331,Wallis,inflamable,liquida,8240965
332,Fernando,refrigerada,liquida,4931927
333,Haywood,refrigerada,gas,5256541
334,Shane,inflamable,gas,2623433
335,Rozalie,normal,solida,6499341
336,Carri,normal,liquida,5852679
337,Bree,normal,liquida,1871377
338,Kennith,inflamable,liquida,3379738
339,Aharon,refrigerada,solida,5532819
340,Pierce,normal,gas,6465832
341,Ethel,normal,liquida,9016743
342,Tobie,inflamable,gas,8245197
343,Darice,normal,gas,5727158
344,Denny,refrigerada,liquida,4704156
345,Timmy,inflamable,solida,9552418
346,Twila,normal,gas,8170467
347,Guenevere,inflamable,liquida,7143925
348,Benedicto,refrigerada,gas,2317313
349,Weston,normal,liquida,9030485
350,Ker,inflamable,gas,3445599
351,Adorne,normal,solida,1240195
352,Angelique,inflamable,liquida,4642221
353,Leonhard,refrigerada,solida,3617203
354,Karil,refrigerada,gas,1140920
355,Larina,normal,gas,8523051
356,Jodi,inflamable,liquida,5097748
357,Adria,inflamable,liquida,6043665
358,Cookie,normal,liquida,9474896
359,Morty,refrigerada,gas,7406347
360,Gayel,refrigerada,liquida,5785725
361,Phillie,inflamable,liquida,8777354
362,Basile,inflamable,liquida,3614735
363,Chad,inflamable,gas,3297531
364,Jessie,normal,liquida,4758608
365,Lynnett,inflamable,gas,1766751
366,Denver,normal,gas,9108360
367,Harriett,normal,liquida,3676039
368,Dorthy,normal,solida,806882
369,Max,inflamable,solida,4074928
370,Shaw,inflamable,liquida,9130139
371,Austen,inflamable,solida,7162039
372,Janel,normal,solida,6705409
373,Dulciana,refrigerada,solida,6131180
374,Dwayne,refrigerada,solida,2934743
375,Burnaby,refrigerada,solida,8815925
376,Darnell,normal,liquida,5964139
377,Alison,refrigerada,gas,3000075
378,Josi,refrigerada,gas,3160598
379,Sherye,refrigerada,solida,4524679
380,Roderic,normal,gas,9921903
381,Berry,inflamable,solida,5200253
382,Kenny,refrigerada,gas,9593536
383,Zebadiah,normal,solida,5393633
384,Chandal,refrigerada,solida,8881480
385,Davida,normal,liquida,1912793
386,Rafi,normal,gas,2136035
387,Kenneth,refrigerada,solida,312538
388,Gregorio,refrigerada,gas,5748815
389,Bentley,inflamable,gas,4671017
390,Rozalin,inflamable,solida,3559643
391,Frank,refrigerada,gas,6127121
392,Clio,normal,liquida,3779454
393,Lavina,refrigerada,gas,7015031
394,Chantal,refrigerada,solida,6117727
395,Luz,refrigerada,gas,1856697
396,Bliss,normal,solida,9574639
397,Ferdinande,normal,gas,2805502
398,Christy,normal,solida,7797549
399,Angelika,normal,gas,5707298
400,Felicio,refrigerada,solida,8884752
401,Allix,inflamable,gas,6536731
402,Lauri,normal,liquida,4326459
403,Ilka,refrigerada,gas,4695309
404,Hailee,inflamable,solida,6051410
405,Quinta,refrigerada,liquida,3337858
406,Hanna,refrigerada,liquida,5824212
407,Amos,normal,solida,8245331
408,Jimmie,normal,liquida,7933586
409,Haywood,refrigerada,gas,334452
410,Lonnie,normal,liquida,8683862
411,Cornie,normal,gas,1588401
412,Alvie,refrigerada,solida,6258580
413,Karly,normal,gas,3061225
414,Keely,normal,gas,8995310
415,Anallise,refrigerada,gas,8691122
416,Fayina,refrigerada,liquida,3495921
417,Judon,inflamable,solida,8521760
418,Joyann,normal,gas,7845327
419,Elwyn,normal,gas,2121307
420,Britte,normal,solida,1466585
421,Athene,refrigerada,liquida,1041221
422,Lyndsay,normal,liquida,378086
423,Bank,normal,solida,8552421
424,Gerrie,inflamable,solida,6520764
425,Jeannie,normal,solida,8420771
426,Korella,inflamable,solida,1557463
427,Vail,inflamable,liquida,4886952
428,Lyell,normal,liquida,8510559
429,Germaine,refrigerada,liquida,6951618
430,Suzanne,normal,liquida,4419959
431,Hogan,normal,solida,484058
432,Colan,inflamable,liquida,3068667
433,Pietrek,normal,gas,1986349
434,Cristine,inflamable,solida,9054354
435,Spense,refrigerada,solida,8357482
436,Paulita,refrigerada,gas,2945425
437,Rebecca,refrigerada,liquida,6849340
438,Carly,refrigerada,gas,1524794
439,Natka,refrigerada,gas,717341
440,Griffith,inflamable,liquida,1878854
441,Heida,normal,gas,3013105
442,Greg,refrigerada,gas,9606392
443,Renard,inflamable,liquida,3746308
444,Cullin,normal,liquida,5999916
445,Zahara,normal,liquida,5338538
446,Fawnia,inflamable,gas,8387319
447,Genevra,normal,solida,9917924
448,Rosabelle,inflamable,solida,834144
449,Allyce,normal,solida,6917490
450,Stanfield,normal,gas,2367085
451,Gonzales,inflamable,solida,4261771
452,Ev,normal,liquida,487225
453,Briney,refrigerada,solida,9125263
454,Brittaney,refrigerada,gas,387418
455,Audra,inflamable,liquida,4368100
456,Crichton,normal,gas,8851549
457,Buck,refrigerada,gas,2987869
458,Eden,inflamable,gas,603406
459,Frazier,refrigerada,solida,2295405
460,Ed,refrigerada,liquida,3978975
461,Cyndy,normal,gas,8210738
462,Gill,refrigerada,gas,160843
463,Eberto,inflamable,solida,8073862
464,Jocko,refrigerada,solida,1137766
465,Harold,refrigerada,liquida,575298
466,Bearnard,inflamable,solida,8443091
467,Mireille,inflamable,liquida,8105724
468,Chan,refrigerada,solida,4841031
469,Tessi,normal,liquida,3303388
470,Randie,normal,solida,7119514
471,Joeann,normal,solida,9279205
472,Eolande,normal,liquida,8369399
473,Melany,refrigerada,liquida,9738357
474,Edna,refrigerada,solida,9915410
475,Elyse,normal,solida,586041
476,Sheeree,inflamable,gas,7528028
477,Dina,normal,liquida,3155986
478,Holmes,inflamable,liquida,7557989
479,Sawyer,inflamable,gas,3794285
480,Del,inflamable,gas,8586459
481,Marj,refrigerada,gas,6573713
482,Jarrid,refrigerada,solida,7907102
483,Berenice,refrigerada,solida,1120844
484,Delmer,refrigerada,liquida,2282403
485,Gal,refrigerada,solida,666788
486,Johnnie,normal,gas,8217975
487,Lidia,inflamable,solida,8034376
488,Jeni,normal,liquida,2660313
489,Sherline,inflamable,solida,6012011
490,Rubetta,refrigerada,solida,3811913
491,Estele,refrigerada,liquida,9320097
492,Brett,inflamable,gas,1450302
493,Barbette,inflamable,liquida,495397
494,Perri,inflamable,solida,1517555
495,Corry,normal,solida,735854
496,Stefan,normal,solida,3040854
497,Bard,normal,solida,4125724
498,Cross,refrigerada,gas,8230953
499,Melanie,inflamable,gas,641521
500,Geoff,normal,liquida,8756803
501,Jacinta,refrigerada,gas,2223811
502,Reena,normal,solida,2266102
503,Eleonora,inflamable,solida,93689
504,Linoel,normal,gas,785825
505,Mickie,normal,liquida,1386611
506,Marybelle,normal,solida,6088337
507,Damiano,inflamable,liquida,2556756
508,Vonnie,normal,solida,9622000
509,Lorenza,normal,liquida,7100489
510,Ebba,refrigerada,gas,5564040
511,Harli,inflamable,gas,8466640
512,Clemmy,normal,solida,9014320
513,Calhoun,refrigerada,solida,3857150
514,Nettle,inflamable,solida,6946184
515,Ruddy,inflamable,gas,1636156
516,Tanitansy,inflamable,gas,4248180
517,Ange,normal,liquida,238643
518,Marie-jeanne,normal,liquida,6780054
519,Sydel,refrigerada,gas,1502849
520,Sherrie,normal,gas,7994682
521,Kaile,refrigerada,liquida,2951730
522,Vin,normal,gas,8603442
523,Moina,refrigerada,liquida,3432562
524,Zackariah,refrigerada,liquida,2680298
525,Erik,refrigerada,solida,9726292
526,Jacky,inflamable,solida,3753423
527,Natasha,refrigerada,solida,8102621
528,Lenard,normal,solida,5052163
529,Olwen,inflamable,gas,4202784
530,Persis,inflamable,liquida,5721470
531,Victor,inflamable,solida,2401817
532,Bidget,refrigerada,liquida,4036499
533,Sloan,refrigerada,solida,4555409
534,Paolo,normal,liquida,5352748
535,Jobye,normal,liquida,385018
536,Uri,inflamable,gas,4817154
537,Kylynn,normal,liquida,7381040
538,Enos,refrigerada,gas,4610515
539,Perri,normal,solida,3374125
540,Carmita,normal,liquida,9153130
541,Karoly,refrigerada,liquida,2619301
542,Kale,normal,gas,9504624
543,Godfrey,refrigerada,solida,531151
544,Bunny,normal,gas,5627408
545,Salvador,refrigerada,liquida,983078
546,Mirella,inflamable,liquida,188589
547,Corabelle,inflamable,solida,589551
548,Zandra,inflamable,gas,3099597
549,Theodore,normal,solida,7132621
550,Antonetta,inflamable,liquida,8116400
551,Newton,refrigerada,liquida,7804675
552,Cleopatra,normal,liquida,5208517
553,Vern,refrigerada,liquida,6085152
554,Bernita,inflamable,gas,5736271
555,Grayce,refrigerada,solida,6041141
556,Milzie,normal,liquida,9045801
557,Luisa,inflamable,liquida,9319131
558,Jess,inflamable,gas,7095592
559,Lelah,inflamable,liquida,629822
560,Wain,refrigerada,solida,9848882
561,Baird,inflamable,gas,8507423
562,Coralyn,normal,liquida,3209574
563,Evered,normal,liquida,9800159
564,Stanislaw,refrigerada,liquida,7652014
565,Raynor,inflamable,liquida,3185262
566,Frankie,refrigerada,solida,1859248
567,Sarah,inflamable,liquida,8040343
568,Karleen,normal,solida,5382955
569,Konstantin,refrigerada,solida,3935498
570,Christie,normal,solida,2818680
571,Cathi,normal,solida,114630
572,Kaia,refrigerada,liquida,6527955
573,Chloette,refrigerada,solida,1242105
574,Fidelio,inflamable,solida,8862249
575,Tommie,refrigerada,solida,2104402
576,Shelagh,normal,liquida,5884200
577,Emmett,inflamable,solida,9495813
578,Deina,normal,gas,1490639
579,Nessi,refrigerada,liquida,4061715
580,Salli,inflamable,liquida,568882
581,Cal,normal,gas,4147454
582,Jay,inflamable,liquida,1794298
583,Kylen,inflamable,solida,3663669
584,Joete,normal,solida,9557551
585,Hogan,refrigerada,gas,8634255
586,Marwin,inflamable,solida,2525770
587,Alyson,normal,liquida,8822224
588,Rachelle,normal,gas,2248520
589,Kirsteni,normal,gas,9756870
590,Kristofor,normal,solida,110616
591,Carly,normal,liquida,7831209
592,Deana,inflamable,liquida,360848
593,Trix,inflamable,gas,1621954
594,Sianna,normal,solida,7431398
595,Fenelia,refrigerada,solida,302068
596,Annmarie,inflamable,liquida,6246100
597,Chiquia,refrigerada,solida,7075665
598,Andros,refrigerada,gas,588309
599,Nate,normal,liquida,4640207
600,Rodolph,normal,liquida,7875155
601,Genni,normal,liquida,7696577
602,Rickard,refrigerada,liquida,1682728
603,Vite,refrigerada,gas,1845216
604,Maureen,normal,liquida,2485976
605,Giacinta,inflamable,liquida,17157
606,Kort,normal,gas,8714297
607,Madelaine,refrigerada,gas,7670851
608,Lewes,inflamable,liquida,4169219
609,Tobye,inflamable,gas,7126247
610,Aguste,refrigerada,solida,7207586
611,Eran,normal,solida,7580789
612,Ginnifer,inflamable,gas,4867908
613,Frank,normal,solida,4658392
614,Aggy,normal,solida,8228390
615,Lanette,refrigerada,solida,8863163
616,Willa,inflamable,solida,2144191
617,Brynna,refrigerada,gas,4216810
618,Giacomo,normal,liquida,5766878
619,Dud,normal,liquida,6919824
620,Ange,inflamable,solida,9542362
621,Lilith,refrigerada,solida,2772021
622,Arleen,inflamable,solida,4399559
623,Mireille,refrigerada,solida,6897393
624,Andrea,refrigerada,liquida,5667925
625,Stevana,inflamable,solida,1320567
626,Lorin,refrigerada,gas,6063859
627,Lynn,inflamable,solida,3978495
628,Debor,normal,solida,439491
629,Orson,inflamable,liquida,5114298
630,Arabel,refrigerada,solida,8592503
631,Lewes,refrigerada,liquida,9949747
632,Wendeline,refrigerada,gas,6291664
633,Leonerd,normal,solida,6299923
634,Glendon,inflamable,solida,6240311
635,Bern,refrigerada,liquida,999920
636,Danita,inflamable,gas,6403754
637,Caz,inflamable,solida,1212583
638,Ailbert,normal,solida,2797623
639,Eb,inflamable,solida,6983772
640,Filide,refrigerada,gas,5965651
641,Orsola,normal,solida,4581217
642,Zulema,normal,solida,7416281
643,Mellisa,inflamable,solida,6653886
644,Goldie,normal,solida,9576731
645,Alphard,inflamable,liquida,8416451
646,Halie,normal,solida,7051206
647,Philomena,inflamable,liquida,9750769
648,Trina,normal,gas,3367658
649,Zacherie,normal,gas,2423834
650,Etti,inflamable,liquida,2576419
651,Harland,inflamable,gas,6003243
652,Marcello,inflamable,solida,7429934
653,Garrek,refrigerada,solida,9014223
654,Ambrosio,normal,solida,9862883
655,Ilsa,inflamable,gas,7532784
656,Neil,normal,gas,5438132
657,Carlyn,normal,solida,7904315
658,Melissa,normal,solida,1132769
659,Lark,normal,gas,374484
660,Erena,normal,solida,1003493
661,Roseanna,inflamable,gas,3917263
662,Kari,refrigerada,gas,585617
663,Rolland,refrigerada,liquida,4279835
664,Janean,normal,gas,4071825
665,Erminie,inflamable,solida,1449356
666,Morgen,normal,solida,3617282
667,Tybalt,refrigerada,liquida,2439304
668,Helenelizabeth,inflamable,gas,4343261
669,Ruy,normal,liquida,1381369
670,Ken,inflamable,solida,2196575
671,Mata,inflamable,liquida,7451133
672,Orbadiah,refrigerada,liquida,6063666
673,Tonia,normal,gas,9068420
674,Von,refrigerada,liquida,6844711
675,Lola,inflamable,gas,8005736
676,Marquita,inflamable,solida,9198786
677,Padriac,normal,liquida,8752048
678,Modestia,inflamable,solida,7803976
679,Lindsey,refrigerada,solida,6797352
680,Mikaela,inflamable,solida,3978373
681,Benedicto,normal,gas,7328124
682,Dicky,normal,gas,1986216
683,Shaylynn,refrigerada,liquida,3599501
684,Berthe,normal,solida,6744306
685,Rafaellle,normal,solida,5255013
686,Reginauld,refrigerada,solida,7453518
687,Gabriela,refrigerada,gas,1839304
688,Catherina,normal,liquida,6385533
689,Robenia,inflamable,gas,2115495
690,Lizette,normal,liquida,6420250
691,Rollin,normal,solida,7087852
692,Merwyn,inflamable,gas,243734
693,Keven,refrigerada,gas,2993042
694,Zarla,inflamable,liquida,9132373
695,Tomasine,refrigerada,gas,5514121
696,Carine,normal,gas,1741711
697,Heidie,refrigerada,liquida,9465428
698,Gonzalo,inflamable,solida,9070491
699,Ruddy,normal,gas,5589352
700,Ignacio,normal,solida,8640650
701,Charlene,refrigerada,solida,3664703
702,Martyn,normal,liquida,424893
703,Oralie,normal,gas,3729785
704,Petronella,normal,liquida,2064486
705,Abba,inflamable,liquida,3287518
706,Kile,refrigerada,solida,9240179
707,Stella,normal,gas,4581055
708,Emlyn,normal,solida,5639549
709,Joellen,normal,solida,4832131
710,Shaughn,refrigerada,liquida,6725578
711,Alessandro,refrigerada,solida,2804232
712,Grant,normal,gas,1617004
713,Barnie,normal,solida,1270381
714,Casey,inflamable,gas,7862636
715,Albertine,normal,liquida,6825004
716,Ruddy,inflamable,liquida,5093505
717,Filberte,refrigerada,solida,4059788
718,Adolph,refrigerada,gas,2910141
719,Nathanial,normal,liquida,6759965
720,Bambi,normal,solida,6202321
721,Michelle,inflamable,gas,8560766
722,Allison,refrigerada,liquida,8567504
723,Vincenty,refrigerada,gas,7113997
724,Garold,normal,solida,5919076
725,Emelen,normal,liquida,9264278
726,Hilliary,inflamable,solida,5948980
727,Marlin,normal,solida,6778029
728,Rosella,refrigerada,gas,4796220
729,Leora,normal,solida,2653089
730,Yasmin,refrigerada,liquida,2024900
731,Michail,inflamable,solida,976909
732,Simeon,inflamable,gas,9968593
733,Jonas,refrigerada,liquida,6325116
734,Chadwick,refrigerada,liquida,7912627
735,Lanna,refrigerada,gas,8115789
736,Jennifer,normal,solida,3226665
737,Harlie,refrigerada,gas,2153500
738,Katine,normal,solida,20347
739,Harland,refrigerada,gas,5838553
740,Pamelina,refrigerada,solida,3592038
741,Krisha,normal,solida,518097
742,Pauline,normal,liquida,8788062
743,Forester,normal,liquida,6943957
744,Ursulina,inflamable,gas,4307992
745,Jasen,inflamable,liquida,5197500
746,Tremayne,normal,solida,6710744
747,Catherine,normal,solida,5355791
748,Yolanthe,inflamable,liquida,4986052
749,Nathanael,inflamable,solida,2908943
750,Carolina,normal,liquida,4278075
751,Leonard,inflamable,liquida,6067326
752,Arman,inflamable,liquida,7405878
753,Kellen,inflamable,solida,8871655
754,Ashley,refrigerada,solida,4122583
755,Phillie,inflamable,solida,3697945
756,Sadye,normal,solida,5215329
757,Martina,inflamable,gas,7074263
758,Fanchon,normal,solida,8300441
759,Kingsley,normal,solida,7644982
760,Lek,normal,liquida,92505
761,Holly,normal,gas,1191023
762,Jocko,normal,solida,4470767
763,Sella,inflamable,solida,3501331
764,Ada,refrigerada,liquida,302604
765,Maryl,inflamable,solida,9847193
766,Mayne,inflamable,gas,10507
767,Ozzie,inflamable,solida,2843723
768,Windham,refrigerada,liquida,8077608
769,Rabbi,inflamable,liquida,5339792
770,Sylas,refrigerada,solida,8024227
771,Odele,refrigerada,solida,450756
772,Taddeusz,refrigerada,solida,7432837
773,Koo,refrigerada,liquida,2555704
774,Petronia,inflamable,liquida,2766300
775,Meridel,inflamable,liquida,786491
776,Gabe,refrigerada,solida,7204667
777,Gearalt,inflamable,gas,3163163
778,Silvester,refrigerada,gas,9830189
779,Lars,normal,liquida,3228243
780,Wilbur,refrigerada,liquida,9886534
781,Cahra,normal,liquida,9982234
782,Dyana,refrigerada,gas,7792397
783,Gordy,normal,gas,4488350
784,Agnella,inflamable,solida,3502089
785,Merlina,refrigerada,liquida,9638986
786,Hilda,inflamable,gas,8405211
787,Ardath,inflamable,gas,2183991
788,Kaja,inflamable,solida,3604370
789,Easter,normal,liquida,647225
790,Chilton,inflamable,solida,8375553
791,Aveline,inflamable,gas,8580703
792,Hogan,inflamable,gas,316581
793,Neile,refrigerada,gas,5074003
794,Skippie,inflamable,liquida,3862783
795,Glynis,refrigerada,gas,3333861
796,Guillema,inflamable,liquida,399787
797,Cathe,normal,solida,6346684
798,Kriste,inflamable,solida,1954977
799,Joela,normal,liquida,3150000
800,Miof mela,inflamable,gas,1828515
801,Monti,inflamable,liquida,7623220
802,Doralyn,refrigerada,solida,59282
803,Merrili,refrigerada,solida,9509021
804,Arley,normal,liquida,9812092
805,Rebekkah,refrigerada,solida,6497918
806,Lynnett,refrigerada,liquida,154830
807,Sigrid,inflamable,gas,8980581
808,Sid,refrigerada,solida,1883234
809,Kora,inflamable,solida,1760428
810,Sindee,normal,liquida,7258694
811,Clair,refrigerada,solida,9125331
812,Farrell,refrigerada,liquida,2810858
813,Rosmunda,inflamable,gas,2198408
814,Des,refrigerada,liquida,6675358
815,Darcy,inflamable,gas,2947308
816,Carry,inflamable,liquida,941154
817,Lilli,refrigerada,liquida,6605290
818,Wilie,normal,liquida,2800761
819,Angelia,inflamable,gas,9223945
820,Emanuele,normal,gas,5281893
821,Orsola,refrigerada,solida,7711021
822,Jody,inflamable,liquida,7823734
823,Hugo,inflamable,solida,5380877
824,Goldarina,refrigerada,solida,7307596
825,Margie,refrigerada,gas,4815318
826,Urson,normal,gas,8366619
827,Rebecka,normal,liquida,960245
828,Barde,inflamable,liquida,7821673
829,Gordie,normal,solida,7126700
830,Frederick,normal,liquida,110038
831,Betteanne,inflamable,liquida,9033125
832,Dorey,normal,liquida,9286805
833,Iain,normal,liquida,3298310
834,Maribel,inflamable,solida,5016434
835,Rodrigo,inflamable,gas,8087615
836,Shaylynn,normal,liquida,2086013
837,Ryun,refrigerada,gas,7785284
838,Selby,refrigerada,liquida,5385716
839,Marja,refrigerada,solida,9270680
840,Maxine,inflamable,gas,2829725
841,Bobinette,inflamable,gas,5531897
842,Alexi,normal,gas,7283823
843,Olenolin,inflamable,gas,2639135
844,Hadrian,refrigerada,liquida,5173440
845,Holden,inflamable,gas,2879948
846,Rosette,inflamable,liquida,3755338
847,Lauryn,refrigerada,gas,9260928
848,Amberly,inflamable,gas,1093730
849,Susanne,refrigerada,gas,2098693
850,Eddy,refrigerada,solida,1401201
851,Aundrea,normal,liquida,7269030
852,Davey,inflamable,gas,6045459
853,Pollyanna,inflamable,liquida,6647298
854,Farleigh,refrigerada,gas,5699499
855,Dirk,inflamable,liquida,9726573
856,Adena,refrigerada,liquida,4820916
857,Alvy,inflamable,gas,7085987
858,Farris,inflamable,liquida,6897783
859,Shandie,refrigerada,gas,5138993
860,Noak,inflamable,gas,9564678
861,Harriott,refrigerada,solida,2177644
862,Karlene,inflamable,solida,1380100
863,Sigrid,refrigerada,gas,4756981
864,Fawne,inflamable,solida,5858483
865,Terrill,normal,solida,1990451
866,Enriqueta,refrigerada,gas,77926
867,Ardeen,refrigerada,gas,7826032
868,Franklin,normal,solida,8566090
869,Kaylil,refrigerada,gas,7503470
870,Cristina,refrigerada,solida,3457420
871,Binni,inflamable,gas,660448
872,Trudi,refrigerada,liquida,5330408
873,Web,refrigerada,liquida,6365242
874,Ayn,normal,liquida,2063223
875,Melina,refrigerada,gas,9619685
876,Cilka,normal,liquida,6113369
877,Dania,normal,solida,6751404
878,Van,normal,liquida,6861999
879,Simona,refrigerada,solida,6339398
880,Reagen,normal,gas,443768
881,Odele,inflamable,gas,1568924
882,Parrnell,normal,liquida,3045658
883,Nickolaus,refrigerada,solida,6124915
884,Jillie,refrigerada,liquida,1700376
885,Salvador,normal,solida,3760623
886,Jen,inflamable,gas,7971156
887,Gar,refrigerada,liquida,1477911
888,Daloris,inflamable,gas,9275993
889,Elva,inflamable,liquida,5291688
890,Neils,normal,gas,3176565
891,Karena,inflamable,solida,5261829
892,Giusto,inflamable,gas,431794
893,Sarajane,inflamable,gas,9881596
894,Emory,inflamable,liquida,2115621
895,Alie,normal,solida,15385
896,Cozmo,refrigerada,liquida,8431437
897,Daisi,inflamable,gas,4168427
898,Benito,inflamable,liquida,3224393
899,Cthrine,inflamable,solida,6370092
900,Meredith,inflamable,solida,1053040
901,Ariel,refrigerada,solida,4549555
902,Pepe,normal,liquida,6937505
903,Bendite,refrigerada,solida,6982395
904,Annmaria,refrigerada,gas,7114654
905,Wayland,inflamable,liquida,3997632
906,Lacie,inflamable,solida,7558435
907,Edna,refrigerada,solida,421864
908,Marie-ann,inflamable,solida,3014849
909,Quent,refrigerada,solida,4622993
910,Veradis,inflamable,solida,7079543
911,Layton,inflamable,liquida,3933177
912,Aloysius,normal,solida,1351102
913,Vasili,normal,solida,8826348
914,Lorenzo,refrigerada,liquida,9427111
915,Alyssa,refrigerada,liquida,759577
916,Town,inflamable,gas,6204945
917,Gizela,refrigerada,solida,8882286
918,Pennie,inflamable,liquida,1108168
919,Armando,normal,solida,2782005
920,Diannne,normal,solida,8764633
921,Masha,refrigerada,liquida,7406269
922,Oralia,refrigerada,liquida,9910723
923,Kin,normal,solida,1667865
924,Thorstein,refrigerada,gas,8360854
925,Anneliese,normal,liquida,7121846
926,Constanta,inflamable,solida,8290002
927,Ximenes,normal,solida,6087086
928,Heather,normal,solida,7973590
929,Jaquenette,inflamable,gas,8193551
930,Arlinda,inflamable,solida,9900306
931,Tedi,normal,liquida,8944947
932,Mersey,inflamable,solida,90863
933,Loydie,refrigerada,solida,7557553
934,Burton,normal,liquida,9059303
935,Nikolaus,normal,liquida,2856698
936,Rosaline,inflamable,gas,5425877
937,Hendrick,refrigerada,solida,1787807
938,Marwin,normal,liquida,3529580
939,Ollie,refrigerada,liquida,7817754
940,Jarred,refrigerada,liquida,8436124
941,Adriena,inflamable,gas,2411337
942,Leigh,normal,gas,3091235
943,Brenn,inflamable,solida,4111481
944,Valentin,normal,liquida,1355499
945,Eamon,normal,gas,9891770
946,Seymour,refrigerada,liquida,6799551
947,Erny,inflamable,gas,2742136
948,Yevette,inflamable,gas,1875868
949,Arabelle,normal,liquida,9103522
950,Field,normal,gas,9368144
951,Austine,normal,gas,1643780
952,Caroline,inflamable,gas,8508517
953,Raimondo,inflamable,gas,2787720
954,Isidora,refrigerada,liquida,4270061
955,Melody,inflamable,liquida,5027376
956,Dolph,normal,gas,5671664
957,Idalina,normal,solida,4289219
958,Osmond,inflamable,gas,3415797
959,Rayshell,refrigerada,solida,6969543
960,Freida,inflamable,liquida,8759924
961,Nessi,inflamable,solida,5495678
962,Norri,inflamable,liquida,9922592
963,Barnett,refrigerada,gas,8310615
964,Van,normal,solida,9100323
965,Reid,refrigerada,solida,1150507
966,Alyosha,normal,gas,4884540
967,Lynett,normal,gas,6735987
968,Randie,normal,solida,5280036
969,Miof mela,normal,solida,9857294
970,Gaultiero,inflamable,gas,3152687
971,Harbert,refrigerada,liquida,2718915
972,Khalil,inflamable,gas,3375316
973,Torey,inflamable,liquida,1039485
974,Adrea,inflamable,liquida,3136554
975,Danika,normal,gas,842986
976,Rafferty,normal,solida,8079396
977,Albie,refrigerada,liquida,635160
978,Mohammed,inflamable,gas,632458
979,Dorothy,inflamable,gas,5130968
980,Anders,inflamable,liquida,2764676
981,Andras,normal,gas,1740118
982,Matthieu,inflamable,gas,9357364
983,Ailene,inflamable,gas,7833302
984,Thekla,refrigerada,solida,6698139
985,Juliette,normal,gas,2254031
986,Alexandre,inflamable,liquida,9942772
987,Errick,refrigerada,solida,7872705
988,Morlee,refrigerada,gas,8808565
989,Lorilee,normal,gas,4646844
990,Sherlock,normal,gas,4920701
991,Jerry,normal,gas,5376611
992,Wood,normal,gas,8502294
993,Dacia,inflamable,solida,808347
994,Fielding,normal,gas,480764
995,Manya,inflamable,solida,313910
996,Chickie,refrigerada,gas,7631971
997,Aldrich,normal,solida,9130169
998,Donia,normal,solida,8858582
999,Elicia,normal,solida,753285
1000,Jere,refrigerada,gas,3270200